{
    "global_config": {
        "overwrite": false,
        "original_data_file": "traces/1M/ugr16/raw.csv",
        "dataset_type": "netflow",
        "n_chunks": 10,
        "dp": false,
        "allowed_data_types": [
            "ip_string",
            "integer",
            "float",
            "string"
        ],
        "allowed_data_encodings": [
            "categorical",
            "bit",
            "word2vec_port",
            "word2vec_proto"
        ]
    },
    "pre_post_processor": {
        "class": "NetsharePrePostProcessor",
        "config": {
            "max_flow_len": null,
            "norm_option": 0,
            "split_name": "multichunk_dep_v2",
            "df2chunks": "fixed_time",
            "truncate": "per_chunk"
        }
    },
    "model_manager": {
        "class": "NetShareManager",
        "config": {
            "pretrain_dir": null,
            "skip_chunk0_train": false,
            "pretrain_non_dp": true,
            "pretrain_non_dp_reduce_time": 4.0,
            "pretrain_dp": false,
            "run": 0
        }
    },
    "model": {
        "class": "DoppelGANgerTorchModel",
        "config": {
            "batch_size": 100,
            "sample_len": [
                1,
                5,
                10
            ],
            "sample_len_expand": true,
            "iteration": 200000,
            "vis_freq": 100000,
            "vis_num_sample": 5,
            "d_rounds": 5,
            "g_rounds": 1,
            "num_packing": 1,
            "noise": true,
            "attr_noise_type": "normal",
            "feature_noise_type": "normal",
            "rnn_mlp_num_layers": 0,
            "feed_back": false,
            "g_lr": 0.0001,
            "g_beta1": 0.5,
            "d_lr": 0.0001,
            "d_beta1": 0.5,
            "d_gp_coe": 10.0,
            "adam_eps": 1e-8,
            "adam_amsgrad": false,
            "generator_feature_num_layers": 1,
            "generator_feature_num_units": 100,
            "generator_attribute_num_layers": 5,
            "generator_attribute_num_units": 512,
            "discriminator_num_layers": 5,
            "discriminator_num_units": 512,
            "initial_state": "random",
            "leaky_relu": false,
            "attr_d_lr": 0.0001,
            "attr_d_beta1": 0.5,
            "attr_d_gp_coe": 10.0,
            "g_attr_d_coe": 1.0,
            "attr_discriminator_num_layers": 5,
            "attr_discriminator_num_units": 512,
            "use_attr_discriminator": true,
            "self_norm": false,
            "fix_feature_network": false,
            "debug": false,
            "combined_disc": true,
            "use_gt_lengths": false,
            "use_uniform_lengths": false,
            "num_cores": null,
            "sn_mode": null,
            "scale": 1.0,
            "extra_checkpoint_freq": 20000,
            "epoch_checkpoint_freq": 1000,
            "dp_noise_multiplier": null,
            "dp_l2_norm_clip": null,
            "use_adaptive_rolling": false,
            "attribute_latent_dim": 5,
            "feature_latent_dim": 5
        }
    }
}