{
    "global_config": {
        "original_data_file": "C:/Users/daf/OneDrive - BTH/DAF/Research/Experiments/NetShare/traces/Disable_Unsolicited_Messages_Attack_DNP3_Dataset_Attacker_02.csv"
,
        "overwrite": true,
        "dataset_type": "netflow",
        "n_chunks": 2,
        "dp": false
    },
    "default": "single_event_per_row.json",
    "pre_post_processor": {
        "class": "NetsharePrePostProcessor",
        "config": {
            "timestamp": {
                "column": "date",
                "generation": false,
                "encoding": "datetime"
            },
            "word2vec": {
                "vec_size": 10,
                "model_name": "word2vec_vecSize",
                "annoy_n_trees": 100,
                "pretrain_model_path": null
            },
            "metadata": [
                {
                   "column": "flow ID",
                    "type": "string",
                    "encoding": "categorical"
                },
                {
                   "column": "source IP",
                    "type": "string",
                    "encoding": "bit",
                    "n_bits": 32,
                    "categorical_mapping": false
                },
                {
                   "column": "destination IP",
                    "type": "string",
                    "encoding": "bit",
                    "n_bits": 32,
                    "categorical_mapping": false
                },
                {
                    "column": "source port",
                    "type": "integer",
                    "encoding": "word2vec_port"
                },
                {
                    "column": "destination port",
                    "type": "integer",
                    "encoding": "word2vec_port"
                }
            ],
            "timeseries": [
                {
                    "column": "date",
                    "type": "string",
                    "encoding": "datetime"
                },
                {
                    "column": "duration",
                    "type": "integer",
                    "normalization": "ZERO_ONE",
                    "log1p_norm": true
                }
            ]
        }
    },
    "model": {
        "class": "DoppelGANgerTorchModel",
        "config": {
            "batch_size": 100,
            "sample_len": [
                1,
                5,
                10
            ],
            "sample_len_expand": true,
            "epochs": 40,
            "extra_checkpoint_freq": 1,
            "epoch_checkpoint_freq": 5
        }
    }
}